customer_id,name,email,address
1,Melinda Wolf,randallswanson@example.net,"24574 Derrick Crest Suite 197
Lake Ericside, NH 21952"
2,Joanna Fisher,mcox@example.org,"22061 Brenda Vista
Smithside, SD 75327"
3,Andrea Hicks,tamara45@example.org,"0793 Vaughn Expressway Apt. 126
Carterview, GA 04196"
4,Melinda Cox,guerrerothomas@example.com,"233 Jeffrey Vista Apt. 834
South Justin, AS 70475"
5,Garrett Cook,guzmancaitlin@example.net,"2231 Graham Streets
Port Richardstad, MO 54275"
6,Lauren Foley,ulee@example.net,"6320 Henderson Crossing Apt. 363
Jasonshire, AL 38392"
7,Michelle Young,sellis@example.org,"297 Colon Heights
West Jameshaven, PA 98684"
8,Xavier Wood,jasonlong@example.com,"88234 Carr Corners
Port Joshuamouth, SD 83218"
9,Jose Jones,vchen@example.net,"0166 Cynthia Drive Apt. 886
East Shane, GU 44692"
10,Caitlin Cross,dianagarcia@example.org,"117 Ward Squares
Lauraton, NV 36169"
11,George Lopez,bryan06@example.org,"13431 Stevens Spring
South Robinville, WY 82859"
12,Daniel May,wilsonjoanna@example.org,"52642 Monica Highway
West Christopherberg, NE 96026"
13,Courtney Gill,ibrown@example.com,"533 Kayla Inlet
Johnsonshire, NE 39938"
14,Melissa Grant,brownmelissa@example.net,"8263 Benjamin Fort
Adkinsshire, FM 54198"
15,Dale Bradley,ovazquez@example.com,"USCGC Mack
FPO AE 74094"
16,Dawn Murray,parkerangela@example.com,"3864 Anderson Pass Apt. 353
Jessicaburgh, AS 51911"
17,Brad Strong,alexanderrussell@example.net,"Unit 4583 Box 4693
DPO AA 30228"
18,Erik Kelly,shannonanthony@example.org,"USS Carpenter
FPO AP 77247"
19,Donna Scott,alexandra54@example.net,"3460 Rojas Rapid
Malloryfort, TN 80600"
20,Lindsay Morgan,daniellevasquez@example.org,"08110 Holloway Locks Suite 290
Phillipstad, ME 71854"
21,Ray Olsen,jesusriggs@example.org,"067 Cassandra Mill
Leslieberg, OK 41474"
22,Elizabeth Miller,terrimay@example.org,"066 Edward Roads
Staceyside, KS 12074"
23,Ernest Simon,michaelflores@example.org,"22816 Boyer Flat
Port Brittney, FL 97927"
24,Zachary Garcia,wthompson@example.net,"286 Morrison Walks
Williamhaven, OR 73730"
25,Mario Parker,tony44@example.org,"PSC 7382, Box 2882
APO AP 06846"
26,Jeffrey Miranda,wsteele@example.com,"740 Cervantes Extensions Suite 521
Port James, AK 84739"
27,Steven Perez,david57@example.org,"347 Nicole Lights Suite 294
Jenniferview, PA 87653"
28,Karen Torres,russell86@example.org,"201 Clark Roads Apt. 553
West Marcia, CA 06930"
29,Sally Williamson MD,tanya09@example.org,"0909 Tracy Canyon
Woodmouth, CT 27381"
30,Sherri Harrell,roysingleton@example.com,"Unit 3259 Box 1398
DPO AP 49698"
31,Cynthia Thompson,parsonsmaria@example.net,"9698 Roberts Course
North Theresa, MP 93833"
32,Michael Garrison,jessicawhite@example.com,"5124 Joseph Via
North Kevinport, ID 92176"
33,Christopher Moss,pittmankimberly@example.org,"26080 Taylor Path
South Ashleyville, OK 05859"
34,Brittney Levy,natashatapia@example.net,"938 James Springs Suite 325
Heatherville, PR 27636"
35,Lisa Norton DVM,davisamber@example.org,"5641 Joseph Mall
South Brentstad, MP 36316"
36,Jeffrey Mclaughlin,jessicahaynes@example.com,"Unit 2812 Box 1313
DPO AP 93973"
37,Jason Padilla,mary91@example.com,"91028 Kevin Squares Suite 931
Codymouth, IL 64524"
38,Melanie Adams,qtownsend@example.org,"72927 Marilyn Park
New Jameschester, ID 22911"
39,Julia Barrera,jill22@example.net,"3323 Angela Valleys Apt. 993
Heatherton, LA 79923"
40,Jessica Brewer,jerry17@example.com,"77142 Jason Prairie Apt. 189
Robertfort, ND 57727"
41,Juan Newton,annaadams@example.com,"759 Lisa Shores
Port Brittany, TX 56232"
42,Daniel Smith,teresasolis@example.org,"608 Smith Pass Apt. 531
West Paul, NE 92458"
43,Paul Ayala,natalie16@example.net,"9967 Johnson Passage Apt. 062
East Justin, AR 69809"
44,Michael Pope,xbowman@example.com,"PSC 3609, Box 8616
APO AP 42280"
45,Amanda Pollard,amandamiller@example.org,"687 Rachel Flats
North Steven, NY 21151"
46,Joe Anderson,juareztroy@example.org,"2148 Timothy Curve
Foxburgh, NC 67591"
47,Mr. Larry Fields,samantha85@example.net,"4486 Stephanie Inlet
Danielstad, FM 49050"
48,Michelle Cohen,lindsey62@example.net,"29712 Fleming Stream
Lake Matthewview, MD 26595"
49,Stephen Rogers,melissa84@example.net,"386 Acevedo Forks
Michaelborough, MS 08533"
50,Lauren Nelson,lucascoleman@example.org,"809 Lisa Harbors Suite 615
North Tiffany, NJ 58019"
